{"0.5167758961260325":{"user_id":2},"0.7086924795065443":{"user_id":2}}